[
    {
        "id": "2",
        "question": "How do pneumatic standing desks lift without power?",
        "question_html": "How do pneumatic standing desks lift without power?",
        "answer": "They use a sealed gas-lift cylinder that stores energy as compressed gas. You balance the load, then a lever opens the valve so the desk glides up or down under controlled pressure.",
        "answer_html": "They use a sealed gas-lift cylinder that stores energy as compressed gas. You balance the load, then a lever opens the valve so the desk glides up or down under controlled pressure.",
        "keywords": "",
        "category": "",
        "priority": "50",
        "status": "active",
        "created_by": "1",
        "created_at": "2025-10-16 18:49:30",
        "updated_at": "2025-10-16 18:49:30",
        "view_count": "0",
        "display_count": "2"
    },
    {
        "id": "3",
        "question": "What is \u201cweight balancing\u201d on a pneumatic desk and how do I set it?",
        "question_html": "What is \u201cweight balancing\u201d on a pneumatic desk and how do I set it?",
        "answer": "Weight balancing means matching the cylinder force to your desktop load. Add or remove weight, then test: a balanced desk holds height and moves with light fingertip pressure.",
        "answer_html": "Weight balancing means matching the cylinder force to your desktop load. Add or remove weight, then test: a balanced desk holds height and moves with light fingertip pressure.",
        "keywords": "",
        "category": "",
        "priority": "50",
        "status": "active",
        "created_by": "1",
        "created_at": "2025-10-16 18:49:47",
        "updated_at": "2025-10-16 18:49:47",
        "view_count": "0",
        "display_count": "0"
    },
    {
        "id": "4",
        "question": "How much weight can a typical pneumatic desk handle safely?",
        "question_html": "How much weight can a typical pneumatic desk handle safely?",
        "answer": "Most support a practical working load in the 35\u201370 lb range on the surface. Check the manufacturer\u2019s rating for total capacity and include monitor arms and accessories.",
        "answer_html": "Most support a practical working load in the 35\u201370 lb range on the surface. Check the manufacturer\u2019s rating for total capacity and include monitor arms and accessories.",
        "keywords": "",
        "category": "",
        "priority": "50",
        "status": "active",
        "created_by": "1",
        "created_at": "2025-10-16 18:50:07",
        "updated_at": "2025-10-16 18:50:07",
        "view_count": "0",
        "display_count": "0"
    },
    {
        "id": "5",
        "question": "Are pneumatic desks quieter than electric models in real use?",
        "question_html": "Are pneumatic desks quieter than electric models in real use?",
        "answer": "Yes in most cases. When balanced, motion is nearly silent with only airflow and hardware friction audible.",
        "answer_html": "Yes in most cases. When balanced, motion is nearly silent with only airflow and hardware friction audible.",
        "keywords": "",
        "category": "",
        "priority": "50",
        "status": "active",
        "created_by": "1",
        "created_at": "2025-10-16 18:50:16",
        "updated_at": "2025-10-16 18:50:16",
        "view_count": "0",
        "display_count": "4"
    },
    {
        "id": "6",
        "question": "Can a pneumatic desk hold dual monitors plus a laptop dock?",
        "question_html": "Can a pneumatic desk hold dual monitors plus a laptop dock?",
        "answer": "Yes if the combined weight of monitors, arms, and dock stays within the rated capacity and is evenly distributed.",
        "answer_html": "Yes if the combined weight of monitors, arms, and dock stays within the rated capacity and is evenly distributed.",
        "keywords": "",
        "category": "",
        "priority": "50",
        "status": "active",
        "created_by": "1",
        "created_at": "2025-10-16 18:50:26",
        "updated_at": "2025-10-16 18:50:26",
        "view_count": "0",
        "display_count": "0"
    },
    {
        "id": "7",
        "question": "Do gas-lift cylinders lose pressure over time?",
        "question_html": "Do gas-lift cylinders lose pressure over time?",
        "answer": "Quality cylinders are long-lasting. Very small losses can occur with age or heavy use. Replacement is straightforward if performance declines.",
        "answer_html": "Quality cylinders are long-lasting. Very small losses can occur with age or heavy use. Replacement is straightforward if performance declines.",
        "keywords": "",
        "category": "",
        "priority": "50",
        "status": "active",
        "created_by": "1",
        "created_at": "2025-10-16 18:50:39",
        "updated_at": "2025-10-16 18:50:39",
        "view_count": "0",
        "display_count": "0"
    },
    {
        "id": "8",
        "question": "What maintenance do pneumatic systems require annually?",
        "question_html": "What maintenance do pneumatic systems require annually?",
        "answer": "Tighten fasteners, level the feet, and verify balance with your current load. No lubrication is usually needed.",
        "answer_html": "Tighten fasteners, level the feet, and verify balance with your current load. No lubrication is usually needed.",
        "keywords": "",
        "category": "",
        "priority": "50",
        "status": "active",
        "created_by": "1",
        "created_at": "2025-10-16 18:50:48",
        "updated_at": "2025-10-16 18:50:48",
        "view_count": "0",
        "display_count": "0"
    },
    {
        "id": "9",
        "question": "What are the benefits of memory presets on an electric standing desk?",
        "question_html": "What are the benefits of memory presets on an electric standing desk?",
        "answer": "Presets save common heights for quick one-touch recall, helpful for multi-user spaces and repeatable ergonomics.",
        "answer_html": "Presets save common heights for quick one-touch recall, helpful for multi-user spaces and repeatable ergonomics.",
        "keywords": "",
        "category": "",
        "priority": "50",
        "status": "active",
        "created_by": "1",
        "created_at": "2025-10-16 18:50:58",
        "updated_at": "2025-10-16 18:50:58",
        "view_count": "0",
        "display_count": "2"
    },
    {
        "id": "10",
        "question": "How loud are modern dual-motor desks during lifting?",
        "question_html": "How loud are modern dual-motor desks during lifting?",
        "answer": "Typically a soft mechanical hum. Noise varies by brand, load, and floor coupling.",
        "answer_html": "Typically a soft mechanical hum. Noise varies by brand, load, and floor coupling.",
        "keywords": "",
        "category": "",
        "priority": "50",
        "status": "active",
        "created_by": "1",
        "created_at": "2025-10-16 18:51:06",
        "updated_at": "2025-10-16 18:51:06",
        "view_count": "0",
        "display_count": "0"
    },
    {
        "id": "11",
        "question": "What is anti-collision and how does it work?",
        "question_html": "What is anti-collision and how does it work?",
        "answer": "Sensors detect extra resistance while moving. The controller stops and slightly reverses to reduce damage risk.",
        "answer_html": "Sensors detect extra resistance while moving. The controller stops and slightly reverses to reduce damage risk.",
        "keywords": "",
        "category": "",
        "priority": "50",
        "status": "active",
        "created_by": "1",
        "created_at": "2025-10-16 18:51:14",
        "updated_at": "2025-10-16 18:51:14",
        "view_count": "0",
        "display_count": "0"
    },
    {
        "id": "12",
        "question": "Do electric desks need surge protection or a UPS?",
        "question_html": "Do electric desks need surge protection or a UPS?",
        "answer": "A surge protector is recommended. A UPS is optional but useful if you want controlled shutdown during outages.",
        "answer_html": "A surge protector is recommended. A UPS is optional but useful if you want controlled shutdown during outages.",
        "keywords": "",
        "category": "",
        "priority": "50",
        "status": "active",
        "created_by": "1",
        "created_at": "2025-10-16 18:51:22",
        "updated_at": "2025-10-16 18:51:22",
        "view_count": "0",
        "display_count": "2"
    },
    {
        "id": "13",
        "question": "How fast do electric desks typically move per second?",
        "question_html": "How fast do electric desks typically move per second?",
        "answer": "Common speeds are about 1.0\u20131.6 inches per second under normal load.",
        "answer_html": "Common speeds are about 1.0\u20131.6 inches per second under normal load.",
        "keywords": "",
        "category": "",
        "priority": "50",
        "status": "active",
        "created_by": "1",
        "created_at": "2025-10-16 18:51:30",
        "updated_at": "2025-10-16 18:51:30",
        "view_count": "0",
        "display_count": "2"
    },
    {
        "id": "14",
        "question": "Can an electric desk support an ultra-wide monitor and speakers?",
        "question_html": "Can an electric desk support an ultra-wide monitor and speakers?",
        "answer": "Yes if total load and center of mass stay within the desk\u2019s capacity. Use sturdy arms and spread the weight.",
        "answer_html": "Yes if total load and center of mass stay within the desk\u2019s capacity. Use sturdy arms and spread the weight.",
        "keywords": "",
        "category": "",
        "priority": "50",
        "status": "active",
        "created_by": "1",
        "created_at": "2025-10-16 18:51:40",
        "updated_at": "2025-10-16 18:51:40",
        "view_count": "0",
        "display_count": "0"
    },
    {
        "id": "15",
        "question": "What happens if a motor fails on one side of a desk?",
        "question_html": "What happens if a motor fails on one side of a desk?",
        "answer": "Most frames halt to prevent racking. Contact support to re-sync or replace the motor or control box.",
        "answer_html": "Most frames halt to prevent racking. Contact support to re-sync or replace the motor or control box.",
        "keywords": "",
        "category": "",
        "priority": "50",
        "status": "active",
        "created_by": "1",
        "created_at": "2025-10-16 18:51:48",
        "updated_at": "2025-10-16 18:51:48",
        "view_count": "0",
        "display_count": "0"
    },
    {
        "id": "16",
        "question": "What is the ideal typing height to keep elbows near 90 degrees?",
        "question_html": "What is the ideal typing height to keep elbows near 90 degrees?",
        "answer": "Set desk height so forearms are parallel to the floor and shoulders relaxed. Adjust chair or desk until wrists stay neutral.",
        "answer_html": "Set desk height so forearms are parallel to the floor and shoulders relaxed. Adjust chair or desk until wrists stay neutral.",
        "keywords": "",
        "category": "",
        "priority": "50",
        "status": "active",
        "created_by": "1",
        "created_at": "2025-10-16 18:51:56",
        "updated_at": "2025-10-16 18:51:56",
        "view_count": "0",
        "display_count": "0"
    },
    {
        "id": "17",
        "question": "How high should I place my monitor to reduce neck strain?",
        "question_html": "How high should I place my monitor to reduce neck strain?",
        "answer": "Top of the screen near eye level, with the center of the display slightly below eye level at about arm\u2019s length.",
        "answer_html": "Top of the screen near eye level, with the center of the display slightly below eye level at about arm\u2019s length.",
        "keywords": "",
        "category": "",
        "priority": "50",
        "status": "active",
        "created_by": "1",
        "created_at": "2025-10-16 18:52:08",
        "updated_at": "2025-10-16 18:52:08",
        "view_count": "0",
        "display_count": "0"
    },
    {
        "id": "18",
        "question": "Do I need an anti-fatigue mat for standing sessions?",
        "question_html": "Do I need an anti-fatigue mat for standing sessions?",
        "answer": "It helps. Cushioned mats reduce foot pressure and can extend comfortable standing time.",
        "answer_html": "It helps. Cushioned mats reduce foot pressure and can extend comfortable standing time.",
        "keywords": "",
        "category": "",
        "priority": "50",
        "status": "active",
        "created_by": "1",
        "created_at": "2025-10-16 18:52:18",
        "updated_at": "2025-10-16 18:52:18",
        "view_count": "0",
        "display_count": "0"
    },
    {
        "id": "19",
        "question": "How often should I alternate between sitting and standing?",
        "question_html": "How often should I alternate between sitting and standing?",
        "answer": "Switch every 30\u201360 minutes. Short, frequent position changes beat long static sessions.",
        "answer_html": "Switch every 30\u201360 minutes. Short, frequent position changes beat long static sessions.",
        "keywords": "",
        "category": "",
        "priority": "50",
        "status": "active",
        "created_by": "1",
        "created_at": "2025-10-16 18:53:27",
        "updated_at": "2025-10-16 18:53:27",
        "view_count": "0",
        "display_count": "0"
    },
    {
        "id": "20",
        "question": "What keyboard tilt and mouse position are recommended?",
        "question_html": "What keyboard tilt and mouse position are recommended?",
        "answer": "Use slight negative tilt for neutral wrists. Keep the mouse close and at the same height to limit shoulder reach.",
        "answer_html": "Use slight negative tilt for neutral wrists. Keep the mouse close and at the same height to limit shoulder reach.",
        "keywords": "",
        "category": "",
        "priority": "50",
        "status": "active",
        "created_by": "1",
        "created_at": "2025-10-16 18:53:36",
        "updated_at": "2025-10-16 18:53:36",
        "view_count": "0",
        "display_count": "0"
    },
    {
        "id": "21",
        "question": "How do I route cables so they don\u2019t snag during lift?",
        "question_html": "How do I route cables so they don\u2019t snag during lift?",
        "answer": "Bundle cables to a modest tray, add slack for travel, and anchor both ends so the loom moves in a single arc.",
        "answer_html": "Bundle cables to a modest tray, add slack for travel, and anchor both ends so the loom moves in a single arc.",
        "keywords": "",
        "category": "",
        "priority": "50",
        "status": "active",
        "created_by": "1",
        "created_at": "2025-10-16 18:53:44",
        "updated_at": "2025-10-16 18:53:44",
        "view_count": "0",
        "display_count": "0"
    },
    {
        "id": "22",
        "question": "Are monitor arms compatible with most standing desks?",
        "question_html": "Are monitor arms compatible with most standing desks?",
        "answer": "Yes if the arm clamp fits your top and the arm\u2019s weight range matches your screen.",
        "answer_html": "Yes if the arm clamp fits your top and the arm\u2019s weight range matches your screen.",
        "keywords": "",
        "category": "",
        "priority": "50",
        "status": "active",
        "created_by": "1",
        "created_at": "2025-10-16 18:53:51",
        "updated_at": "2025-10-16 18:53:51",
        "view_count": "0",
        "display_count": "1"
    },
    {
        "id": "23",
        "question": "Which desk sizes work best in studios or small apartments?",
        "question_html": "Which desk sizes work best in studios or small apartments?",
        "answer": "Common sweet spots are 36\u201348 inches wide with a sturdy frame and narrow depth to preserve walkway space.",
        "answer_html": "Common sweet spots are 36\u201348 inches wide with a sturdy frame and narrow depth to preserve walkway space.",
        "keywords": "",
        "category": "",
        "priority": "50",
        "status": "active",
        "created_by": "1",
        "created_at": "2025-10-16 18:54:05",
        "updated_at": "2025-10-16 18:54:05",
        "view_count": "0",
        "display_count": "0"
    },
    {
        "id": "24",
        "question": "How can I reduce noise when working early or late?",
        "question_html": "How can I reduce noise when working early or late?",
        "answer": "Choose quieter mechanisms, add anti-vibration pads, and keep hardware tight. Soft floors also help.",
        "answer_html": "Choose quieter mechanisms, add anti-vibration pads, and keep hardware tight. Soft floors also help.",
        "keywords": "",
        "category": "",
        "priority": "50",
        "status": "active",
        "created_by": "1",
        "created_at": "2025-10-16 18:54:13",
        "updated_at": "2025-10-16 18:54:13",
        "view_count": "0",
        "display_count": "0"
    },
    {
        "id": "25",
        "question": "What are smart storage add-ons for compact setups?",
        "question_html": "What are smart storage add-ons for compact setups?",
        "answer": "Clamp-on drawers, peg rails, and under-desk trays keep essentials close without adding floor clutter.",
        "answer_html": "Clamp-on drawers, peg rails, and under-desk trays keep essentials close without adding floor clutter.",
        "keywords": "",
        "category": "",
        "priority": "50",
        "status": "active",
        "created_by": "1",
        "created_at": "2025-10-16 18:54:21",
        "updated_at": "2025-10-16 18:54:21",
        "view_count": "0",
        "display_count": "0"
    },
    {
        "id": "26",
        "question": "How do I prevent collisions with chairs, stools, or walls?",
        "question_html": "How do I prevent collisions with chairs, stools, or walls?",
        "answer": "Mark the desk\u2019s travel envelope, keep chair bases outside that zone, and consider anti-collision features.",
        "answer_html": "Mark the desk\u2019s travel envelope, keep chair bases outside that zone, and consider anti-collision features.",
        "keywords": "",
        "category": "",
        "priority": "50",
        "status": "active",
        "created_by": "1",
        "created_at": "2025-10-16 18:54:31",
        "updated_at": "2025-10-16 18:54:31",
        "view_count": "0",
        "display_count": "0"
    },
    {
        "id": "27",
        "question": "Are pneumatic desks better than electric in rooms with limited outlets?",
        "question_html": "Are pneumatic desks better than electric in rooms with limited outlets?",
        "answer": "Often yes. Pneumatic lift avoids cords, reduces clutter, and can be placed anywhere.",
        "answer_html": "Often yes. Pneumatic lift avoids cords, reduces clutter, and can be placed anywhere.",
        "keywords": "",
        "category": "",
        "priority": "50",
        "status": "active",
        "created_by": "1",
        "created_at": "2025-10-16 18:54:39",
        "updated_at": "2025-10-16 18:54:39",
        "view_count": "0",
        "display_count": "2"
    },
    {
        "id": "28",
        "question": "What\u2019s the best way to manage cables in a minimal setup?",
        "question_html": "What\u2019s the best way to manage cables in a minimal setup?",
        "answer": "One power strip, a short tray, braided sleeve, and a single dock can handle most devices with clean routing.",
        "answer_html": "One power strip, a short tray, braided sleeve, and a single dock can handle most devices with clean routing.",
        "keywords": "",
        "category": "",
        "priority": "50",
        "status": "active",
        "created_by": "1",
        "created_at": "2025-10-16 18:54:50",
        "updated_at": "2025-10-16 18:54:50",
        "view_count": "0",
        "display_count": "0"
    },
    {
        "id": "29",
        "question": "Why does my desk wobble and how can I fix it?",
        "question_html": "Why does my desk wobble and how can I fix it?",
        "answer": "Check floor levelers, tighten top and frame fasteners, center heavy items, and extend legs fully before testing.",
        "answer_html": "Check floor levelers, tighten top and frame fasteners, center heavy items, and extend legs fully before testing.",
        "keywords": "",
        "category": "",
        "priority": "50",
        "status": "active",
        "created_by": "1",
        "created_at": "2025-10-16 18:56:32",
        "updated_at": "2025-10-16 18:56:32",
        "view_count": "0",
        "display_count": "0"
    },
    {
        "id": "30",
        "question": "Which is quieter overall: pneumatic or electric under typical loads?",
        "question_html": "Which is quieter overall: pneumatic or electric under typical loads?",
        "answer": "Pneumatic is usually quieter. Electric is consistent but introduces motor noise.",
        "answer_html": "Pneumatic is usually quieter. Electric is consistent but introduces motor noise.",
        "keywords": "",
        "category": "",
        "priority": "50",
        "status": "active",
        "created_by": "1",
        "created_at": "2025-10-16 18:56:39",
        "updated_at": "2025-10-16 18:56:39",
        "view_count": "0",
        "display_count": "0"
    },
    {
        "id": "31",
        "question": "How does uneven weight distribution affect lift performance?",
        "question_html": "How does uneven weight distribution affect lift performance?",
        "answer": "It increases racking forces, slows motion, and can trigger anti-collision or drift. Balance the load.",
        "answer_html": "It increases racking forces, slows motion, and can trigger anti-collision or drift. Balance the load.",
        "keywords": "",
        "category": "",
        "priority": "50",
        "status": "active",
        "created_by": "1",
        "created_at": "2025-10-16 18:56:46",
        "updated_at": "2025-10-16 18:56:46",
        "view_count": "0",
        "display_count": "0"
    },
    {
        "id": "32",
        "question": "Do anti-vibration pads make a noticeable difference?",
        "question_html": "Do anti-vibration pads make a noticeable difference?",
        "answer": "Yes in many rooms. They reduce floor-borne noise and help with minor oscillations.",
        "answer_html": "Yes in many rooms. They reduce floor-borne noise and help with minor oscillations.",
        "keywords": "",
        "category": "",
        "priority": "50",
        "status": "active",
        "created_by": "1",
        "created_at": "2025-10-16 18:56:53",
        "updated_at": "2025-10-16 18:56:53",
        "view_count": "0",
        "display_count": "0"
    },
    {
        "id": "33",
        "question": "What routine checks keep a desk stable over time?",
        "question_html": "What routine checks keep a desk stable over time?",
        "answer": "Quarterly fastener check, foot leveling, cable slack review, and verifying monitor arm torque.",
        "answer_html": "Quarterly fastener check, foot leveling, cable slack review, and verifying monitor arm torque.",
        "keywords": "",
        "category": "",
        "priority": "50",
        "status": "active",
        "created_by": "1",
        "created_at": "2025-10-16 18:57:02",
        "updated_at": "2025-10-16 18:57:02",
        "view_count": "0",
        "display_count": "0"
    },
    {
        "id": "34",
        "question": "What should I verify before placing a standing desk order?",
        "question_html": "What should I verify before placing a standing desk order?",
        "answer": "Top size, frame finish, lift range, capacity, lead time, warranty terms, and accessory compatibility.",
        "answer_html": "Top size, frame finish, lift range, capacity, lead time, warranty terms, and accessory compatibility.",
        "keywords": "",
        "category": "",
        "priority": "50",
        "status": "active",
        "created_by": "1",
        "created_at": "2025-10-16 18:57:11",
        "updated_at": "2025-10-16 18:57:11",
        "view_count": "0",
        "display_count": "0"
    },
    {
        "id": "35",
        "question": "How long is the typical warranty on frames and lift mechanisms?",
        "question_html": "How long is the typical warranty on frames and lift mechanisms?",
        "answer": "Common coverage is 3\u201310 years depending on brand and part. Review the fine print for electronics and cylinders.",
        "answer_html": "Common coverage is 3\u201310 years depending on brand and part. Review the fine print for electronics and cylinders.",
        "keywords": "",
        "category": "",
        "priority": "50",
        "status": "active",
        "created_by": "1",
        "created_at": "2025-10-16 18:57:19",
        "updated_at": "2025-10-16 18:57:19",
        "view_count": "0",
        "display_count": "0"
    },
    {
        "id": "36",
        "question": "What should I do on delivery day to ensure everything works?",
        "question_html": "What should I do on delivery day to ensure everything works?",
        "answer": "Inspect packaging, record any damage, assemble carefully, test full height range, and confirm stability.",
        "answer_html": "Inspect packaging, record any damage, assemble carefully, test full height range, and confirm stability.",
        "keywords": "",
        "category": "",
        "priority": "50",
        "status": "active",
        "created_by": "1",
        "created_at": "2025-10-16 18:57:26",
        "updated_at": "2025-10-16 18:57:26",
        "view_count": "0",
        "display_count": "0"
    },
    {
        "id": "37",
        "question": "How do returns or exchanges usually work for bulky desks?",
        "question_html": "How do returns or exchanges usually work for bulky desks?",
        "answer": "Policies vary. Most require original packaging, an RMA, and return shipping arrangements.",
        "answer_html": "Policies vary. Most require original packaging, an RMA, and return shipping arrangements.",
        "keywords": "",
        "category": "",
        "priority": "50",
        "status": "active",
        "created_by": "1",
        "created_at": "2025-10-16 18:57:36",
        "updated_at": "2025-10-16 18:57:36",
        "view_count": "0",
        "display_count": "0"
    },
    {
        "id": "38",
        "question": "Which accessories have the biggest impact on capacity limits?",
        "question_html": "Which accessories have the biggest impact on capacity limits?",
        "answer": "Monitor arms with heavy screens, microphone booms, and CPU mounts add leverage and weight.",
        "answer_html": "Monitor arms with heavy screens, microphone booms, and CPU mounts add leverage and weight.",
        "keywords": "",
        "category": "",
        "priority": "50",
        "status": "active",
        "created_by": "1",
        "created_at": "2025-10-16 18:57:43",
        "updated_at": "2025-10-16 18:57:43",
        "view_count": "0",
        "display_count": "0"
    },
    {
        "id": "39",
        "question": "Should I keep the packaging until I confirm stability and height range?",
        "question_html": "Should I keep the packaging until I confirm stability and height range?",
        "answer": "Yes. Keep it until you verify function and decide to keep the setup.",
        "answer_html": "Yes. Keep it until you verify function and decide to keep the setup.",
        "keywords": "",
        "category": "",
        "priority": "50",
        "status": "active",
        "created_by": "1",
        "created_at": "2025-10-16 18:57:51",
        "updated_at": "2025-10-16 18:57:51",
        "view_count": "0",
        "display_count": "0"
    },
    {
        "id": "40",
        "question": "Do clamp-on drawers or trays affect stability?",
        "question_html": "Do clamp-on drawers or trays affect stability?",
        "answer": "They can if overloaded or poorly mounted. Keep weight modest and tighten clamps evenly.",
        "answer_html": "They can if overloaded or poorly mounted. Keep weight modest and tighten clamps evenly.",
        "keywords": "",
        "category": "",
        "priority": "50",
        "status": "active",
        "created_by": "1",
        "created_at": "2025-10-16 18:57:58",
        "updated_at": "2025-10-16 18:57:58",
        "view_count": "0",
        "display_count": "0"
    },
    {
        "id": "41",
        "question": "Are headphone hooks, power strips, and cable sleeves worth it?",
        "question_html": "Are headphone hooks, power strips, and cable sleeves worth it?",
        "answer": "Yes for daily convenience and cleaner cable paths that move safely with the desk.",
        "answer_html": "Yes for daily convenience and cleaner cable paths that move safely with the desk.",
        "keywords": "",
        "category": "",
        "priority": "50",
        "status": "active",
        "created_by": "1",
        "created_at": "2025-10-16 18:58:06",
        "updated_at": "2025-10-16 18:58:06",
        "view_count": "0",
        "display_count": "0"
    },
    {
        "id": "42",
        "question": "Will a heavy microphone arm or camera rig exceed my desk\u2019s rating?",
        "question_html": "Will a heavy microphone arm or camera rig exceed my desk\u2019s rating?",
        "answer": "It might. Check combined weight and leverage. Consider a wall arm if loads are high.",
        "answer_html": "It might. Check combined weight and leverage. Consider a wall arm if loads are high.",
        "keywords": "",
        "category": "",
        "priority": "50",
        "status": "active",
        "created_by": "1",
        "created_at": "2025-10-16 18:58:16",
        "updated_at": "2025-10-16 18:58:16",
        "view_count": "0",
        "display_count": "0"
    },
    {
        "id": "43",
        "question": "How do I choose a monitor arm that matches my screen weight?",
        "question_html": "How do I choose a monitor arm that matches my screen weight?",
        "answer": "Match the arm\u2019s rated range to your screen weight without the stand and verify VESA compatibility.",
        "answer_html": "Match the arm\u2019s rated range to your screen weight without the stand and verify VESA compatibility.",
        "keywords": "",
        "category": "",
        "priority": "50",
        "status": "active",
        "created_by": "1",
        "created_at": "2025-10-16 18:58:25",
        "updated_at": "2025-10-16 18:58:25",
        "view_count": "0",
        "display_count": "0"
    },
    {
        "id": "44",
        "question": "How do I deep-fry a turkey safely indoors?",
        "question_html": "How do I deep-fry a turkey safely indoors?",
        "answer": "Do not deep-fry indoors. Use outdoor equipment rated for frying and follow food safety guidelines.",
        "answer_html": "Do not deep-fry indoors. Use outdoor equipment rated for frying and follow food safety guidelines.",
        "keywords": "",
        "category": "",
        "priority": "50",
        "status": "active",
        "created_by": "1",
        "created_at": "2025-10-16 18:58:40",
        "updated_at": "2025-10-16 18:58:40",
        "view_count": "0",
        "display_count": "0"
    },
    {
        "id": "45",
        "question": "What\u2019s the best fertilizer schedule for tomato plants?",
        "question_html": "What\u2019s the best fertilizer schedule for tomato plants?",
        "answer": "Depends on soil tests. Typically start with balanced fertilizer and adjust during fruiting.",
        "answer_html": "Depends on soil tests. Typically start with balanced fertilizer and adjust during fruiting.",
        "keywords": "",
        "category": "",
        "priority": "50",
        "status": "active",
        "created_by": "1",
        "created_at": "2025-10-16 18:58:48",
        "updated_at": "2025-10-16 18:58:48",
        "view_count": "0",
        "display_count": "0"
    },
    {
        "id": "46",
        "question": "Can a medieval longsword cut through chainmail?",
        "question_html": "Can a medieval longsword cut through chainmail?",
        "answer": "Mail resists cutting. Historical weapons relied on thrusts, gaps, and blunt force.",
        "answer_html": "Mail resists cutting. Historical weapons relied on thrusts, gaps, and blunt force.",
        "keywords": "",
        "category": "",
        "priority": "50",
        "status": "active",
        "created_by": "1",
        "created_at": "2025-10-16 18:58:56",
        "updated_at": "2025-10-16 18:58:56",
        "view_count": "0",
        "display_count": "0"
    },
    {
        "id": "47",
        "question": "How do I mine cryptocurrency on a calculator?",
        "question_html": "How do I mine cryptocurrency on a calculator?",
        "answer": "Not practical. Calculators lack the required processing power and software.",
        "answer_html": "Not practical. Calculators lack the required processing power and software.",
        "keywords": "",
        "category": "",
        "priority": "50",
        "status": "active",
        "created_by": "1",
        "created_at": "2025-10-16 18:59:05",
        "updated_at": "2025-10-16 18:59:05",
        "view_count": "0",
        "display_count": "0"
    },
    {
        "id": "48",
        "question": "What\u2019s the fastest way to level a mage in classic MMORPGs?",
        "question_html": "What\u2019s the fastest way to level a mage in classic MMORPGs?",
        "answer": "Follow community guides for your game version. Quest routing and group play help.",
        "answer_html": "Follow community guides for your game version. Quest routing and group play help.",
        "keywords": "",
        "category": "",
        "priority": "50",
        "status": "active",
        "created_by": "1",
        "created_at": "2025-10-16 18:59:12",
        "updated_at": "2025-10-16 18:59:12",
        "view_count": "0",
        "display_count": "0"
    },
    {
        "id": "49",
        "question": "How do I pass a barista competition with latte art swans?",
        "question_html": "How do I pass a barista competition with latte art swans?",
        "answer": "Practice milk texture, pour control, and pattern symmetry.",
        "answer_html": "Practice milk texture, pour control, and pattern symmetry.",
        "keywords": "",
        "category": "",
        "priority": "50",
        "status": "active",
        "created_by": "1",
        "created_at": "2025-10-16 18:59:20",
        "updated_at": "2025-10-16 18:59:20",
        "view_count": "0",
        "display_count": "0"
    },
    {
        "id": "50",
        "question": "What are the rules for backyard beekeeping in Antarctica?",
        "question_html": "What are the rules for backyard beekeeping in Antarctica?",
        "answer": "There is no civilian beekeeping there due to environmental restrictions.",
        "answer_html": "There is no civilian beekeeping there due to environmental restrictions.",
        "keywords": "",
        "category": "",
        "priority": "50",
        "status": "active",
        "created_by": "1",
        "created_at": "2025-10-16 18:59:29",
        "updated_at": "2025-10-16 18:59:29",
        "view_count": "0",
        "display_count": "0"
    },
    {
        "id": "51",
        "question": "How do I tune a violin for bluegrass in open G?",
        "question_html": "How do I tune a violin for bluegrass in open G?",
        "answer": "Typical open G is G-D-G-B. Adjust strings accordingly and check intonation.",
        "answer_html": "Typical open G is G-D-G-B. Adjust strings accordingly and check intonation.",
        "keywords": "",
        "category": "",
        "priority": "50",
        "status": "active",
        "created_by": "1",
        "created_at": "2025-10-16 18:59:40",
        "updated_at": "2025-10-16 18:59:40",
        "view_count": "0",
        "display_count": "0"
    }
]